"","V9","V3","V15","V19","V8","V18","V20","V16","V12","V1","V2","V13","V6","V4","V5","V7","V10","V11","V14","V17"
"1",8.30319993947656e-08,6.64313261669479e-13,1.60929401010629e-09,3.4223193744306e-12,4.90101766097085e-09,5.37186721454558e-08,6.37419872752231e-13,4.32493870452468e-06,3.42554717241336e-06,2.56666081414545e-06,1.85826009185224e-11,1.19777151125331e-13,1.22219732843764e-13,3.72004306256453e-11,4.60626222488194e-08,5.86814056640639e-12,0.0294095973229777,0.970579896048908,6.1212429887396e-11,2.99880229094408e-11
"2",1.07489161133264e-06,1.20096992511099e-10,5.94775482016648e-08,9.43892168202004e-05,3.24977487744327e-05,6.58896715603669e-07,1.15259039568302e-10,0.0127396750109086,9.59870704239227e-07,0.00787727303846691,1.87524262062699e-10,2.18398702092034e-11,5.48614337107613e-11,0.976620272847566,4.17851481208087e-06,0.001408265636902,2.18398702092034e-11,3.76350780020151e-09,0.000855366721454343,0.000365323842786615
"3",4.43137373291231e-09,2.50690243428498e-10,8.15955728645694e-10,3.01902315618469e-06,4.79456533833507e-05,3.79736549041775e-10,2.40641476772346e-10,2.11136889475721e-05,2.56895619385341e-07,1.25391180377698e-05,4.59803441578808e-11,4.59803441593153e-11,8.1363591741319e-09,1.02853267827066e-06,4.14507242359815e-05,8.77542085683692e-07,0.000298456555109858,0.999571153596844,1.36309485181982e-06,7.81228332295597e-07
"4",1.22382248558823e-07,5.81909606675387e-08,1.70432731335282e-05,1.51079210288733e-05,0.000266998094845925,2.1156430215824e-05,5.58694080112773e-08,0.000379434906455551,0.0727239694215134,0.000199743544271617,1.60206759687393e-08,1.07648120114477e-08,0.926348241184144,1.07647136040694e-08,1.67527003967075e-08,9.97139083032214e-06,1.07647136040694e-08,1.56060653190634e-05,1.66122765575566e-06,7.65030352906244e-07
"5",3.2389445114554e-10,2.69751552286338e-10,3.22459528239476e-10,7.25425035799576e-06,0.0242888025504369,4.06134036795532e-10,2.6212171457062e-10,5.68898090502799e-09,9.64109120531279e-08,3.80263952876433e-09,5.02370175092472e-11,5.02370175092472e-11,1.64697302168379e-09,1.20358118828643e-06,0.832815196695726,2.11101316516764e-07,0.142878342472332,3.23998658445883e-06,3.92438245163729e-06,1.71574526547077e-06
"6",5.19176861195655e-08,3.72603151315639e-08,0.0378313060169316,3.30208498281745e-05,2.44801724607495e-08,0.737478413074831,4.37813602897147e-08,0.000459912632103213,0.000113146604403914,0.000215755732058696,2.72406626809936e-07,1.31428304416789e-08,8.34067757484883e-09,5.33248451717335e-08,4.37081598269034e-09,6.3796169437998e-06,0.000225205215565471,0.223516104885846,7.57358791077916e-05,4.45104670501096e-05
"7",3.35765056541578e-07,4.33353018395893e-05,0.000124316804255955,0.0227167013140183,5.52447226488579e-06,0.934655774021839,6.22058544582189e-07,1.13290501977368e-05,0.0192549981056545,8.24309520587649e-06,5.10334228121146e-08,1.8577898886857e-06,1.91220579290278e-08,5.73870091870181e-07,2.6605266302903e-08,0.0218945468800355,1.88116651608922e-08,1.3492604132041e-06,0.000800649935498958,0.000479726702783031
"8",3.41305937745695e-07,0.000188590113476725,5.82500233715737e-09,0.652059007993185,2.46345112616694e-09,2.26723313497086e-05,0.00595719165170687,6.6615843351198e-05,2.58903504249127e-09,3.20363757443865e-05,5.62301305802632e-06,1.00898218354229e-09,4.47674403724657e-10,3.79730874584558e-08,4.47673270957826e-10,0.341638435343557,4.46771992932605e-06,7.80514335388984e-08,1.59614677737637e-05,8.92803459062252e-06
"9",1.63013259821086e-07,3.58803380912841e-09,2.02709372111639e-11,3.00668748906451e-09,4.57007902841645e-12,0.000103680462572657,7.53612408891843e-08,7.5498392114151e-06,4.56877767667014e-08,4.72789031136807e-06,0.000106305427542216,2.46903236063473e-07,8.37867812998243e-13,7.25071397792082e-09,3.86084905798939e-11,2.50339052614301e-09,0.0137272021847452,0.986049853604332,8.30462673764497e-08,5.01663908031895e-08
"10",0.0032351722173736,2.42036724552631e-09,1.18442410027608e-09,2.79812204163182e-06,0.128679308266596,0.0635885500446407,2.11895259529728e-09,0.016386389524663,4.96428659560936e-06,0.007593831205999,0.0967880891155761,4.69106221463851e-10,1.93485486218946e-10,2.72762957288184e-07,0.200390816044746,5.23491732294371e-06,0.478790120100368,0.00453441879935694,1.90134263269078e-08,9.19200071484883e-09
"11",0.0564156952951055,7.04358979983628e-09,1.32902131019601e-08,3.43898536743213e-08,1.64389528017646e-05,0.000460670308953895,6.79078961160474e-09,0.0685586475753473,0.00282945755851633,0.0364615192679028,0.103114015657487,1.37373588040652e-09,1.36502584141568e-09,0.552422409630052,0.00461144490705128,2.35366252396178e-08,0.165113373490578,0.000164628171737179,0.00652148621318754,0.00331012518144636
"12",1.43139325127511e-09,1.7270001907717e-14,7.53355669042833e-13,0.00149265172194961,3.29665405311736e-12,6.87577081973427e-08,1.6608316550691e-14,4.15986485877747e-09,6.40867937406651e-09,2.48171537684876e-09,6.19005814438687e-10,3.42113522934786e-15,3.42117292188169e-15,9.58680205696386e-06,1.43998436062303e-11,0.998496940450643,6.57175420520084e-13,2.67078415315812e-11,4.70859309843839e-07,2.66261818593617e-07
"13",1.47578091072016e-06,7.77479666062751e-08,1.58830205395678e-05,0.000123627235371267,6.4109038347854e-06,0.00306665810745485,7.478663057931e-08,5.93743221440202e-06,5.84672059795417e-07,3.0492217916041e-06,1.55343279032775e-08,1.55343279036765e-08,1.55519382492121e-08,0.000722555407622694,0.000166887448582581,5.49376212821799e-07,0.279459406044044,0.630751963878732,0.0573421380298772,0.0283326742855608
"14",1.61912269337143e-08,4.01064941836365e-12,2.6774807943522e-09,0.0275395431103532,2.27171341351741e-09,3.02025843558998e-06,3.85868934582907e-12,8.39627090793423e-05,9.8592300750321e-12,5.61239190825861e-05,3.34005424209898e-12,8.08230050564746e-13,1.34259444875997e-12,8.08230050564746e-13,2.03658256625947e-10,0.972074909893859,0.000242345609346121,7.31301200971581e-08,8.08230050564746e-13,8.08230050564746e-13
"15",4.80515933442668e-09,7.50397530514822e-10,0.00053375553908155,3.66871177833099e-07,0.0109996682659723,0.229414582451196,7.22115552791011e-10,1.24861624434493e-06,1.42725705786774e-05,9.30112481361965e-07,1.5252061698895e-10,1.52520616990306e-10,7.04999739202634e-08,0.0223254825503981,0.734434192790844,4.41422891326272e-08,0.000662028126793011,1.46850655761504e-08,0.00107643818459594,0.00053689801059475
"16",4.16206454876385e-09,2.62288021158221e-09,4.62898055788452e-06,0.00608509535521996,0.031388642096948,4.49426630748819e-05,2.52456355151439e-09,3.65942844574334e-07,4.63597887839013e-07,2.31818669531173e-07,5.89676360842604e-10,5.37691222013895e-10,2.45694269357366e-06,5.71362593220247e-06,0.441807531690514,0.00169714052973533,0.517790019265901,0.0011428246208286,2.00200412423621e-05,9.91239107417117e-06
"17",8.71245465976449e-11,7.47110672515715e-11,1.47792082022073e-06,0.00772528685300806,0.00317856543885416,0.00894100438036975,7.16003616702045e-11,1.19446268464576e-10,0.693532129752049,9.10648803129484e-11,1.51461269346182e-11,1.51461269346182e-11,8.0313030836657e-05,1.08195758512028e-07,0.0347539253715893,0.251653011343547,0.000125671697505364,2.00598717084846e-11,5.54955543997524e-06,2.95596592293765e-06
"18",3.71898064347357e-07,4.07826822238434e-07,2.69846785903854e-05,0.000389413876437829,0.000656313526801614,0.183662018257968,2.0985857361395e-07,0.0356181426209046,0.755188948293718,0.0214712558237869,7.92921519772134e-05,2.93636838596988e-08,1.01229162040368e-07,4.78215895296227e-06,6.90816140160243e-06,0.00280012887013725,3.21016243764057e-07,2.93636838596988e-08,6.46742047024236e-05,2.96668183870124e-05
"19",3.72069965341612e-11,6.51197685731938e-11,3.28322367399965e-10,1.59699442515053e-09,3.79243768716613e-08,3.22039453814007e-08,4.12235008717673e-08,1.08385900064358e-07,1.11783581585065e-09,6.33578959505131e-08,1.4741681332561e-08,1.34963796223648e-09,5.21508925619533e-13,0.000752029703085921,0.000506119065596521,1.40887038102646e-10,0.989128992688448,0.00958444857331678,1.72214195322035e-05,1.08860761946654e-05
"20",6.81557809537034e-08,6.46921017765889e-08,2.05938316978257e-10,1.74942710520461e-10,1.23811296149669e-11,2.14523121740522e-05,0.972195444587825,0.000452117060867177,2.94207714579677e-09,0.000257027783092662,3.11128548984523e-05,6.09893442546837e-08,2.50147384251118e-12,2.50145373337392e-12,2.50145373337392e-12,3.60363939593309e-11,0.0269647044446771,7.79437353556005e-05,2.50145373337392e-12,2.50145373337392e-12
"21",2.08271683931389e-08,9.36913236218345e-12,2.25867817235445e-15,4.10444361407733e-12,2.41809481039462e-10,1.83096215632507e-11,2.0721809465794e-13,9.69604948225716e-06,3.92032171921442e-14,7.14512304990341e-06,0.999983101059346,2.82702109848111e-13,2.09824988448986e-16,1.77154120111365e-08,3.35911087435268e-09,1.10757054953253e-11,6.49825988113712e-09,9.06245199144544e-09,1.40682748624554e-11,6.45051879185361e-12
"22",0.0205733128253247,6.39030084646936e-06,4.16843651005984e-06,0.105272916483568,7.29706285684353e-05,0.0373946389033699,5.15455305197017e-06,0.0601842197541079,0.00723444721568945,0.0325749698056685,0.0147011256711128,1.24675845032703e-06,7.63020849647916e-07,0.0160228673629591,2.43797211489099e-05,0.043575464778456,0.000415754687188631,0.00911564991673006,0.444372950332395,0.208446608844005
"23",3.33354852672916e-09,2.81881212799219e-09,1.07278983509884e-08,0.000290904101694748,0.0879044492946439,0.0101543532228318,2.71708318324167e-09,4.5232019990109e-09,3.27496323230567e-06,3.47926351440271e-09,6.13533390157198e-10,6.24251546038123e-10,6.13533390165382e-10,0.140915229092781,0.101748390000112,4.42136115043863e-06,3.09026245404982e-08,4.54100995810989e-05,0.426100324312266,0.232833183197956
"24",0.000381255916593024,1.98953619998324e-09,1.61106854627054e-08,0.000205633112811911,0.49149989185144,0.176023759704017,1.91815145247099e-09,0.00129455110254083,2.18405387777629e-09,0.000690172684090526,5.30063114806874e-07,4.36756525251119e-10,4.36756525251119e-10,2.04162645628444e-05,0.329856536435347,6.86804131641275e-06,1.82780249225396e-05,4.36756525251119e-10,1.371205263868e-06,7.12081282607528e-07
"25",2.02764309052711e-10,3.38555656117335e-12,7.13615765454295e-09,4.65844595636508e-12,5.91202957939192e-05,0.00153012270104659,3.26472986447561e-12,1.23474664799729e-09,5.65954253981587e-05,7.91475353080668e-10,4.82281756189614e-12,7.49610867660699e-13,7.63183535019905e-13,0.986039399023603,0.00602834805194992,7.49610867654958e-13,1.21285680014357e-09,7.57167389523311e-13,0.00408569619308985,0.0022007077119666
"26",4.55321064694333e-08,5.32322111809406e-09,2.79713169674928e-06,0.000799335008163197,0.00241676792869179,0.00339306439531036,5.13430746069244e-09,4.4414894302565e-07,0.000116075142021156,2.89880917692005e-07,1.4967929422077e-09,1.18876817853795e-09,2.54052307879978e-09,0.0575655225129202,0.771285448259747,0.000313950985508082,0.13164231651129,4.05515725609263e-06,0.0206728437631181,0.0117870279586974
"27",8.15980637074473e-07,9.65529854538467e-09,4.16437425179248e-08,0.000351440915684775,4.22294517176248e-05,5.73988725435157e-07,9.31457963782718e-09,0.453312525514816,3.46198697017254e-06,0.272632404214623,2.17472945110296e-09,2.17472945112674e-09,6.10805522513635e-07,0.266397769913006,0.000205459216524865,0.000931901614846673,4.47698529189197e-05,5.84310145603575e-05,0.00420584953275642,0.0018116910336103
"28",3.31053126827495e-09,1.50449734835974e-09,0.862851567531991,0.000583701941214845,5.34534530403881e-06,0.135619426865142,1.45170063886558e-09,3.46308472367166e-05,2.28189594680739e-07,1.99249507062079e-05,6.75145032387215e-10,3.41783404521257e-10,2.7125301529319e-06,2.44087173124881e-07,3.70293845091149e-07,0.000370859343644372,1.16654548705032e-06,0.000501447453339226,5.27092967076806e-06,3.09586183991112e-06
"29",2.24815177244495e-08,1.94669725045826e-08,0.156898108821897,2.00207167778091e-05,1.37978489081317e-07,0.301250626822776,1.84515170937877e-08,0.0119989455218887,0.0991355566003659,0.00681073729440753,8.02983449087435e-07,4.43921268890543e-09,0.000190089675874336,0.170064737069263,5.8551575856779e-09,8.9569096542676e-05,4.38053756692617e-09,9.08912842644099e-07,0.171485525973125,0.0820541574573864
"30",1.8355924766496e-10,1.50368816734114e-10,1.7248610212811e-06,0.140333313363883,2.40775165397075e-05,0.000764544238707758,8.19888053229582e-11,0.00106542172047327,5.73592311800729e-11,0.000602944147257822,1.47790430586431e-06,1.97986076777049e-11,1.43872686350796e-11,3.34621983458338e-08,1.82227109975956e-06,0.857204454403186,1.56940455905055e-07,1.49523788155713e-08,8.08487569016743e-09,5.62615412884880e-09
"31",2.69665087274982e-08,2.79222103896618e-05,7.34088419932314e-07,0.0259147344217937,1.70239626290718e-07,0.000378859820312806,9.44269876578736e-07,0.0132356371108181,1.2381760947082e-08,0.00773703331353161,0.129500949706915,8.3273357803148e-07,8.02486308312397e-11,0.00514064730146179,3.98150686933503e-05,0.475566291287072,0.148258656238655,0.194057226108756,8.834139585775e-05,5.1165255724468e-05
"32",0.00143129452244448,0.012279116229265,9.77912108221913e-06,0.0191078252342616,8.76195241720333e-06,0.00046577120803162,1.6165662498156e-05,0.299494921180442,0.00397100509432455,0.180287166752945,0.0296939436862961,1.96810418527857e-06,1.96812037607373e-06,0.000861611718416383,1.96810418527857e-06,0.00283691012102152,1.96810418527857e-06,1.96810418527857e-06,0.31075940948146,0.138766477497977
"33",6.46822751341278e-09,8.63055550560277e-11,3.07952794850511e-11,3.41064460963366e-07,6.81567118013926e-06,3.75224742122122e-11,2.04101943071989e-09,6.15836132872115e-08,2.32120142403492e-10,3.51740655578359e-08,5.53770905452012e-08,6.21431662808192e-10,6.25678045274815e-12,0.971499595540531,0.00989535909853178,8.2375672752764e-09,0.00035469223351613,0.0003754453214599,0.0112229227229841,0.00664465845132034
"34",0.000885602860170685,1.52057990683673e-07,1.41640282587009e-07,1.64435998126804e-07,0.000116254066745763,7.55898849876114e-07,3.0403331018052e-07,0.00195916362862737,0.136947388432755,0.00135689852736011,6.62961422444159e-06,2.90517337559878e-08,2.90517337559878e-08,2.90517337559878e-08,6.5104929166719e-05,2.90517337559878e-08,0.858466518965068,0.00018947487132483,3.22929450534553e-06,2.1005366848429e-06
"35",0.000678526027209099,1.76326859989373e-07,4.36562132015666e-07,4.33282309190433e-06,6.87071549049163e-06,0.995547200631468,1.71970745357344e-07,0.000996245973651293,1.64073480940785e-06,0.000552291474321734,8.36023908834736e-07,4.27531131359655e-08,4.25297585623361e-08,5.83508727396729e-06,5.9899691507236e-07,4.25297585622253e-08,8.26529330055629e-06,1.94944010792633e-06,0.00142229518478432,0.000772198921300089
"36",5.17464207426015e-09,5.56361330038396e-13,1.70162511627601e-11,7.50329034476637e-13,1.79578598261752e-08,6.58696009702138e-08,5.37731224863357e-13,1.56530551838117e-08,3.27469257468741e-06,9.30190760270418e-09,3.97694577566333e-10,1.35347915700058e-13,1.35348121018101e-13,0.996316134108474,1.07340383112786e-05,1.35345793589952e-13,2.5025712082742e-08,9.64312773027969e-07,0.00239066419402151,0.0012780892541069
"37",4.3989181923716e-10,3.76935153777385e-10,3.30382978878038e-08,4.06223085863139e-07,4.6003024903467e-05,8.33783193581392e-08,3.64389682306216e-10,5.82641963105043e-10,0.00342742335717044,4.57569195654042e-10,9.24857482943712e-11,9.24857482975252e-11,9.41354764780048e-11,0.242492523620883,0.00568986462043347,4.32177923685201e-08,5.69236109537893e-05,0.0772030301459776,0.472159418970411,0.198924244291237
"38",0.000120662961691841,7.71152429694527e-07,0.000655430283104224,0.00205410962736683,0.00207186509541882,0.702458065199573,7.45641115814584e-07,0.0235167839176113,8.40292519350377e-07,0.0162326154473359,3.35647247433855e-07,1.90838180735487e-07,1.90838180735487e-07,0.0460610136483234,0.00357550169055831,6.90579210160205e-06,0.000751934668289637,8.8571303077226e-06,0.143214334706039,0.0592688454226042
"39",3.65151891340765e-09,2.45416859556433e-10,0.0149092580910571,0.0307732377803454,1.25009154723228e-07,0.165542554143261,2.37347246829446e-10,1.36389561732297e-05,4.64630010381391e-06,7.51699021938673e-06,6.12556701091281e-11,6.12556701106389e-11,3.66122281561778e-07,1.38101379333019e-07,5.72425837127772e-08,0.788741335633152,2.44339929368861e-06,2.36360469076852e-06,1.54263631815711e-06,7.71733192369472e-07
"40",7.62932643965932e-13,2.99814876254084e-13,8.54230069026755e-06,2.9989069159793e-10,0.000131802158532811,5.53280817421954e-06,2.90018264872837e-13,6.3066890712708e-08,2.35507492957304e-11,3.24875265863844e-08,2.53285947502776e-13,7.54772460615727e-14,3.26610845522116e-11,0.393565314295394,0.606091343731962,2.25772332610738e-11,0.000143998255030098,1.52311847930027e-06,3.47590430523489e-05,1.70883539061939e-05
"41",7.61551585845373e-10,6.69785849463808e-10,0.225295208337023,0.00336622516191309,3.09579727480364e-06,0.09647507784531,6.35782391393855e-10,0.0485479201418817,2.63443250416071e-07,0.0329741084285242,3.63105522176853e-07,1.69443719477381e-10,1.18233889256718e-07,0.531181001774986,5.44071660543121e-06,0.058544000083413,3.63382239615542e-08,5.28056863704351e-05,0.00237463403367321,0.00117969863557585
"42",1.45352693543836e-08,9.95265196253406e-09,2.58087116138898e-06,0.00116518761009555,0.380434023092285,0.043601571723761,1.65877282597213e-08,8.08987736304036e-05,4.34269647383286e-08,4.58354441640479e-05,5.83691208345438e-08,1.7805000162888e-09,2.26781413619389e-09,3.42278394940041e-07,0.536605499059427,0.00019085695070867,0.037871911737605,1.42987539804816e-08,7.3709264854144e-07,3.94147315876931e-07
"43",8.6802514295571e-10,1.28002930663264e-07,6.34608978073299e-06,0.00370706644422929,0.00141957534025838,0.98808961962181,3.99373249505908e-08,4.54417675131768e-08,7.15608706061734e-07,2.22296052781741e-08,8.69365976106964e-11,2.46149078642443e-08,6.74913062167395e-11,9.01208284169081e-11,5.99071873306759e-05,0.00670525849938641,1.09642234162258e-05,2.65418324192484e-07,1.4717993563793e-08,5.50965475139542e-09
"44",4.8230161506607e-05,0.0002313466574985,1.41049025063787e-07,0.358617591292113,0.433260576393696,1.69393446289183e-06,0.000295214137962412,0.0274533465256094,9.57013688878193e-08,0.0165295872883563,0.000517720477613535,8.9095063565016e-05,2.29527764668366e-08,2.29527764668366e-08,0.00379198627199321,0.0976122840604104,0.0295266197169699,0.0320243668652777,3.55442414470755e-08,2.29527764668366e-08
"45",1.48326464265122e-06,9.42123970501594e-06,3.29772674669602e-08,0.107030448869331,0.000687214331346995,0.00209148387119939,1.52818816559377e-06,1.1634863056686e-05,2.09275257409731e-05,4.33286538215524e-06,1.81811678307181e-06,2.34488526673296e-05,2.98678085391569e-09,0.000117681050557265,0.00378611488529367,0.199443057361611,0.0393327705516855,0.64648242819595,0.000656105438941548,0.000298064563891526
"46",2.9528281828587e-06,3.13758778520385e-08,2.7403688671132e-08,4.15440899638368e-05,8.83090200772366e-06,0.999725589747993,2.75110171907376e-08,6.60382386634327e-06,0.000165824172125768,3.65897649560505e-06,6.29819862102285e-09,1.11106251152537e-08,6.29819862102285e-09,1.09381694114482e-08,1.596671716151e-08,5.11598821509166e-06,6.29819862102285e-09,4.08253997310229e-07,2.46957477517555e-05,1.46322687098832e-05
"47",5.81102003871443e-07,8.16361679157592e-11,2.96109935015785e-10,1.09533087774681e-09,0.000104513551624574,0.00209916543207201,7.81996792303959e-11,1.00397375541473e-06,0.997786313339613,5.27367973641029e-07,8.20024258865086e-09,2.17607937085501e-11,2.14336468675264e-11,2.14336468663577e-11,2.4190041888065e-07,1.33537614911087e-08,5.21810622257389e-07,7.10820738824361e-06,9.77677584783345e-11,4.68518919213714e-11
"48",7.51712792075301e-08,1.09882567012989e-11,7.37682901972817e-09,0.000247200130663267,3.96803396760307e-10,0.997964384249787,1.06468498439321e-11,2.50813684934708e-07,4.81097665667515e-09,1.12718570608565e-07,2.51049806374457e-09,2.96226473606497e-12,2.96224244437671e-12,6.48282410448726e-06,7.90099170262566e-08,0.000883653454768678,0.000787419540893512,9.34038934041882e-05,1.08538897338204e-05,6.06918052625068e-06
"49",0.000538117625895179,8.86884502972392e-07,3.64208202499769e-05,6.50284642045086e-05,0.841324091188156,0.0376361461569693,8.5950566959356e-07,0.00480221938311422,0.000130633596256781,0.00296415736742769,1.33197350646865e-06,2.41144638375355e-07,2.42475942198894e-07,0.0197221340393795,0.0125526325615794,1.85137923503813e-06,2.41144638373689e-07,3.40129406477652e-07,0.0535869720815137,0.0266354520777142
"50",3.64061356071405e-09,2.52086297521532e-10,2.89597828768987e-10,1.06687214333612e-08,1.46776087593818e-09,3.45834043646722e-10,2.44354930637434e-10,5.52437684408814e-08,0.00308475138285266,3.70638047950509e-08,7.80985098251269e-11,6.91316062882684e-11,2.08652467217358e-10,8.36274738486312e-09,5.3464517861974e-09,4.34593636629053e-09,0.00164640971001394,0.995259095195135,6.57825642131252e-06,3.03782801696982e-06
"51",2.0258942744776e-07,8.45958126114959e-08,0.00127081053454657,2.3800189322973e-05,0.00203500715916339,0.594826717978222,8.20183297906903e-08,3.66978972865552e-06,0.0178197210959209,1.99939018952548e-06,2.33987759577945e-08,2.33987759578745e-08,2.62869879949763e-05,0.026819623769068,0.00276993823729614,2.1784992660032e-06,2.63710980173729e-06,2.33987759577945e-08,0.241678372256218,0.112718797603363
"52",1.31075897400795e-06,5.00441416061092e-07,0.0391806817923906,1.33274769504227e-06,5.20924586418036e-07,0.462680823010043,4.85301091802814e-07,0.230883778787291,5.51495795702598e-05,0.143552450860538,3.02814540957015e-07,1.39610423606115e-07,2.56179922093396e-05,1.4104115785693e-06,2.27774771570927e-07,1.39609091261176e-07,0.0889572773675244,0.0341279786705374,0.000315271234616734,0.00021460031110953
"53",2.24695777617836e-08,1.95479011475496e-08,0.261229224345915,3.53347089586216e-07,0.000121895399869324,0.738591514600812,1.90151933193566e-08,2.40341906359624e-06,7.78468296371411e-06,1.25234731111391e-06,5.50019561320809e-09,5.57574158929232e-09,8.3657896435689e-08,8.3619953871755e-09,4.05613440664671e-07,5.50019561320809e-09,7.1890136673928e-08,2.15948165262969e-05,1.56648179150821e-05,7.665090260784e-06
"54",8.25128166865518e-12,6.15618003048971e-12,2.6833526363965e-07,3.764977816932e-05,8.33571068562466e-08,7.02028029896508e-06,1.18368031237596e-11,3.33538628346446e-08,4.4007968059786e-12,2.07036957042656e-08,3.90258828269757e-10,3.05914179954825e-12,1.26727297447332e-12,0.00815917009862739,0.00229227208056073,6.14409384164153e-06,0.982679894709085,0.00652179001662051,0.000206914994448016,8.87377731888311e-05
"55",2.17065038499068e-09,3.10249241299808e-07,6.83267451666737e-09,1.53312046159775e-11,5.23477054786516e-08,6.3994870741036e-08,3.55671411205184e-09,0.0122303099679222,0.0343714411793985,0.00731673634369923,0.0091259174788384,2.64959801044053e-07,3.46314727666043e-12,5.04511467540064e-11,1.3151417880052e-08,3.36851825784592e-12,0.000873470779167607,0.93608140681804,6.64342287565446e-11,3.08099814871672e-11
"56",3.00811484928419e-08,5.76081484985948e-05,1.90795950953185e-10,1.40956256833083e-07,1.63791927745639e-12,0.000552677945373218,1.4788442939642e-07,0.000818962240273191,3.20933403464063e-11,0.000384888197220442,0.998183418553439,5.22261554622548e-07,4.5475040643348e-13,6.89251305250305e-07,4.95283411735445e-13,4.33987307053499e-07,9.56363121239223e-10,1.79910805452871e-08,3.29980535606307e-07,1.31339737830501e-07
"57",2.05728784833916e-05,2.47636262082516e-08,2.47515660681342e-11,2.10458389049e-09,1.65900562382252e-09,1.31234277877363e-08,1.23409833156444e-10,0.00363080742993492,1.84004384578105e-08,0.00237097999859201,0.993835417142763,1.61587426758562e-08,3.41161185113164e-12,2.55545391436235e-10,2.42598063558681e-11,4.32902461970289e-09,7.07939138290088e-09,0.000142132794992375,1.04392170234408e-09,6.61693371522368e-10
"58",0.0102696566836769,2.92821639641316e-10,1.85658941157974e-10,4.23448257663425e-05,5.02846943330251e-05,0.331488684144052,2.19358105291207e-10,0.0536652798034598,1.75537318680849e-10,0.0282767264712209,0.576187951462914,1.16707275811036e-10,4.78129184679433e-11,3.69266205148252e-09,3.60359074006649e-07,1.7696843035238e-05,5.09320682241736e-08,9.55395579815428e-07,2.35537062195379e-09,1.29889097226811e-09
"59",3.35475589925962e-05,5.83408040180967e-07,1.55582941549977e-06,0.0253125764792771,0.00017926642643884,0.693119859314536,5.69746472457072e-07,3.87015231311787e-05,0.00338659132174858,2.7885431919925e-05,1.71689968088229e-07,1.73792302156839e-07,1.71689968091789e-07,8.24453277788841e-06,0.000183978530608116,0.00634566865628142,0.134843351583036,0.129253263761514,0.0048548131180394,0.00240902560553202
"60",5.4240716435618e-06,8.95146271018887e-11,1.01886789151569e-10,5.86402268719872e-09,0.000241285561405696,5.32257554489106e-10,8.69496495316376e-11,2.11488238054413e-05,0.000133306548893485,1.27023992356253e-05,3.54165392077031e-07,2.67414481860805e-11,2.67418849776341e-11,0.543868573115037,0.433706508426606,8.69685071612614e-09,0.0206256183437488,2.16884006394971e-06,0.000925985979795428,0.000456908299407576
"61",0.00157767761852775,1.08871722353259e-09,2.07263384282901e-05,1.40285188781018e-09,2.75949077003855e-07,0.644985022744187,1.05774023261388e-09,0.216375453907049,1.68430506582492e-06,0.137030874985323,8.27698703112257e-08,3.28040910942691e-10,3.30618066137344e-10,6.80888921474565e-09,5.28641738220772e-09,3.28040910934196e-10,5.36613990533917e-07,7.56946811233105e-06,5.11192526843715e-08,2.75498002099818e-08
"62",7.86618492458649e-05,7.79064703701503e-08,3.48474303646365e-07,7.83846406974301e-07,1.19651231699715e-06,1.96813343464916e-05,7.57055373428929e-08,0.118800886595664,6.1896918406907e-06,0.0743616614870089,7.5330240109296e-08,2.3675726187273e-08,3.21873856663125e-08,0.0316919904608604,0.000111938652695973,3.91269949898468e-08,0.721136492374012,0.0137574524245501,0.0261335005900194,0.0138988917743743
"63",6.17684651431106e-09,1.89500568577945e-09,0.21909224071428,0.0930777490706228,3.78834579744692e-06,0.139329799667517,1.84185239265908e-09,1.95330350501063e-07,6.46454449443134e-05,1.30269237970995e-07,5.80840862538831e-10,5.80840862557796e-10,1.98520298129271e-06,7.25574888533575e-08,1.04045486653969e-07,0.548280376167041,7.18972334743336e-08,0.000113133259610072,2.50345990874133e-05,1.0662352934765e-05
"64",8.28717242039244e-07,2.84458483290884e-07,0.000296299485932925,3.75317361150879e-06,2.95138592647564e-07,0.0307258037338483,2.76536704558307e-07,0.525225588009499,8.67920633811305e-05,0.441947916292868,2.59583866269942e-07,8.79388507654966e-08,0.000189456803654383,4.01889381900437e-06,8.79386586015918e-08,4.58770761399862e-07,8.79386586015918e-08,8.79386586015918e-08,0.000888441805449828,0.000629174777459016
"65",2.53630713673568e-09,2.25439040995882e-09,7.59522163078852e-06,2.85478819283283e-09,1.40245795332852e-06,6.94665098812568e-06,2.17654241474466e-09,0.588934589422937,0.00012550407653752,0.410748425935881,2.25181287596117e-07,7.04855182993958e-10,8.37454023379222e-07,6.95866274286946e-10,6.95866274286946e-10,6.95866274286946e-10,2.84478040567502e-08,0.000174428651589379,2.462582715566e-09,1.42230298686891e-09
"66",4.59975294369391e-06,5.18342468564795e-06,3.14681379824991e-06,0.0372305207907666,0.000226534948483386,0.00520266234639861,3.6320694667948e-06,0.0501921177729992,0.679500260477196,0.0350909974358872,0.000187170163822466,6.64034720950504e-07,1.86414045318324e-06,4.05990544903915e-05,1.49327531690824e-05,0.186536521446562,0.000114655789785746,6.64034720950504e-07,0.00370671258012571,0.00193656016952393
"67",1.40307208207971e-07,3.03861562239972e-08,0.00047677466551132,3.87275583555354e-08,0.000662698715824797,0.894907884389664,1.31680862932261e-06,1.28552797061527e-05,0.000931825438058891,9.16139374328879e-06,1.52936367916234e-08,0.00013012101868756,9.72171493376779e-09,0.000266257218919997,0.00123031572361149,9.63806537762063e-09,0.00133472740739772,0.0932752961641451,0.00423902692075147,0.00252149478100871
"68",4.63716110834317e-13,5.90579267073342e-06,2.80976917810018e-14,0.033191409674703,8.28533055725069e-07,2.00869620704115e-11,5.78518161051191e-10,4.98075808223651e-11,6.31410467993941e-15,2.87180639716649e-11,3.89889331676603e-11,8.0539839722192e-12,1.88347920369926e-15,1.32161780134719e-12,1.36390523941702e-06,0.966800221250781,2.68665498324124e-07,1.44992307838549e-09,1.45823405012328e-12,6.7501847512574e-13
"69",6.98186389222073e-07,2.38123175116798e-05,2.44847974867672e-09,0.0409184443067206,1.02412644115801e-08,3.04888693564716e-05,1.73609008340758e-09,8.19823210559777e-06,2.55439250836963e-05,4.83224071907344e-06,2.41202077139604e-05,1.60474303793457e-06,2.98394775885361e-10,7.24201638445684e-08,2.98394775875921e-10,0.958657382127553,1.42234152619848e-09,0.000281114482761614,1.47839247365938e-05,8.88757118114834e-06
"70",0.00118257716051026,5.80197207203182e-05,4.7171693615187e-05,0.557503046876513,0.00142626606594597,0.000206369450342643,4.07140057516695e-05,0.00291077057170151,0.270671666027815,0.00139565676164583,1.36123438232375e-05,1.42746252207034e-05,1.36123438232375e-05,1.36123438232375e-05,1.36123438232375e-05,0.163003068982194,1.36123438232375e-05,1.57187263635777e-05,0.000961458936889014,0.000495158675656156
"71",7.70607185940978e-07,3.93168772294587e-08,4.41336032071137e-08,0.00234650150839972,5.1403705635567e-08,5.14104831708065e-08,3.85462377144574e-08,1.11715402069352e-06,1.91230631795885e-05,8.61394833962671e-07,1.2856990759244e-08,1.29686909256013e-08,1.28569907594338e-08,1.2856990759244e-08,2.14304753858426e-08,0.000298540072848386,0.0100179654141074,0.987141817100687,0.0001107919220696,6.22139816220115e-05
"72",0.00154435283099557,2.10129417453083e-09,1.65205910223057e-08,2.65380195053136e-09,0.0041589537360596,5.0385916212223e-06,2.0461641223383e-09,0.00672237920999082,3.01361090398865e-06,0.00414467212932247,2.23998883054174e-05,6.95644427832743e-10,6.95643201396484e-10,0.971547022987492,0.00196213963169611,6.95637355375137e-10,6.41283519349473e-09,2.54217894310179e-06,0.00641468023158708,0.00347277315147073
"73",2.82505048308718e-09,1.3531988656717e-14,7.29701179040295e-11,1.70590011707429e-14,1.01002690184532e-11,1.37228984796672e-07,1.31797692225256e-14,1.71288286823083e-07,7.08625179926196e-06,1.31133194220883e-07,1.02498039558975e-12,4.51831923944285e-15,4.6375198804514e-15,6.26267581846812e-14,1.54362755167476e-09,1.82644868765639e-13,0.994472593457591,0.00551987618673484,2.21989959953527e-13,1.15853203141048e-13
"74",0.000133134370608726,9.07489836222522e-08,3.82272595822057e-07,0.00091263309269096,0.576816537512085,4.7386507602365e-06,8.84052665669767e-08,0.255759211338933,0.00233423881708509,0.154248058142589,1.06951527683047e-07,3.05614475922786e-08,7.5959145271198e-08,7.0078211027674e-07,0.0025319537019867,0.00712237395871342,1.65802599996051e-05,0.000116786971684027,1.41863465336377e-06,8.58867133746006e-07
"75",8.76619945500134e-07,2.71186102944627e-08,0.164725177634703,6.3161367808554e-05,0.00162606495324108,0.51465226883877,2.64237216629575e-08,0.0266308331154487,1.3608988740911e-06,0.0152908583622274,9.21120496520693e-09,9.21120496545824e-09,2.54567343242096e-07,0.198305344840252,0.0347697986749001,1.85733023802705e-05,0.0171026418503115,0.0114526514807147,0.0102778478993835,0.00508221362895426
"76",8.92640124203034e-12,5.48336154140253e-12,1.26859307464419e-05,1.32785536646195e-06,0.000388059435283849,1.7463212151884e-05,5.34401066383079e-12,2.42938083569861e-09,9.18901367770811e-09,1.32060530179911e-09,1.90960173508071e-12,1.8785183860729e-12,1.43161842336497e-07,1.87849036461519e-12,0.000962389493620717,1.17657211127885e-06,0.99695222224514,0.00166451910867601,1.45686298106876e-11,6.07227898847514e-12
"77",3.4225581648206e-08,3.05199969166942e-08,0.000268103722275006,1.64636044849676e-07,3.14928595296065e-08,0.133030124435112,3.0315105250488e-08,7.27174893231523e-06,0.00256399858810808,4.66011764247197e-06,1.52709492839332e-08,1.05710281010859e-08,5.06770879978389e-06,0.000148197363574298,4.5075063588349e-06,1.05248400221107e-08,0.830576524269366,9.86214755622899e-05,0.0221678858378574,0.0111247096700063
"78",1.01527126218215e-10,7.14039190637776e-11,0.000177890680709713,6.22607580230954e-09,1.20301638600046e-08,0.000420640459285825,1.40627516702825e-10,4.05551864112596e-09,7.61736633056663e-11,2.44218314821647e-09,2.48840839632128e-11,9.75439938640402e-11,2.48840839632128e-11,2.48840839632128e-11,4.56726159455615e-09,2.48840839632128e-11,0.00132704504182221,0.998074369377702,1.6229683620037e-08,8.30278087356885e-09
"79",0.000156349598133047,0.000139412510708144,0.000363525085329852,0.471485028585202,0.0559502808531835,0.0322037726823854,0.0047493378118683,0.0001926205701973,0.137689293227944,0.000160989933595992,4.90024982562993e-05,0.000302114781081396,4.9304790861651e-05,4.90024982562993e-05,0.000789860850906394,0.00520453152794419,0.0208614245633894,0.0359475625357531,0.154803224131685,0.0788533609633194
"80",3.47638170082329e-06,0.0230837250593263,2.57865182223088e-07,1.11077894240791e-07,8.23581435281809e-06,0.000648510819256705,5.18701119519508e-08,0.000855320920351469,0.973788380396237,0.000535559742417721,0.000434643016258736,0.000566340258162749,6.25368293862515e-09,3.53994602732399e-07,2.88154401738904e-08,3.36060660139353e-07,8.16526922565893e-09,2.29796920658167e-05,3.65037572562297e-05,1.51700397703933e-05
"81",3.00154602114975e-06,2.26114042590801e-08,6.75413962031029e-09,0.00199742471435735,3.30960657438062e-05,0.000252325252836253,3.86466245333669e-07,4.58894931582129e-05,2.83022709388741e-09,2.5860946629427e-05,0.0001172993963249,2.53732118394667e-06,9.50121736195489e-10,0.843556131940494,0.00677365667745177,0.000151233044946327,0.00590883657080558,0.0292807099019028,0.0762770192063115,0.0355745583096945
"82",5.70864452680979e-06,3.17951680938002e-09,1.30303946213982e-09,0.0707216474670702,0.126677722405549,0.000205532683642931,1.14004467009731e-09,1.51885590811982e-05,1.00666871777525e-06,1.09361671072173e-05,2.94194434060635e-05,4.40360701179351e-10,4.21338423596519e-10,6.92177889860679e-06,0.000968955506308075,0.801349680394675,4.21338423596519e-10,4.21338423596519e-10,4.83883444988671e-06,2.4341195903811e-06
"83",3.9994579763043e-07,9.43398465752649e-09,1.20190026911221e-08,0.00323811795049655,0.0191854113325167,0.000118570380234434,9.20831203150023e-09,4.33303758335177e-07,0.000188072646484711,3.02546996478186e-07,3.43976417123873e-08,3.39787955006794e-09,3.39787955015246e-09,0.210454848129924,0.64655207771845,0.00290884799435595,0.000136043982021968,5.00157415075771e-09,0.0749304389199301,0.042286358292759
"84",1.50714960178584e-06,4.6127517692194e-10,5.13511235941062e-10,4.71045641279684e-07,0.000308702466172441,2.20306012872187e-08,4.50303326828282e-10,3.81695958534426e-06,2.64985739334434e-09,2.11957630993232e-06,1.95784639077063e-09,1.6922382162375e-10,1.6922380429493e-10,9.36650845338907e-09,0.00369030748316718,1.91627671302654e-08,0.995930610442786,6.22429678917622e-05,1.12496149171979e-07,5.24815767012785e-08
"85",2.14897861829722e-08,2.07258056886519e-11,2.21828808236299e-08,2.08311704731273e-08,3.90079320797164e-06,0.000155427298189708,2.02367074585964e-11,2.85087340383942e-07,6.61383499018462e-05,1.77370385088224e-07,3.83229395246527e-10,7.66882948428934e-12,7.81927298361325e-12,0.988990573319885,0.000442277412538116,6.06379746468289e-08,8.93158270119706e-08,1.19587155550318e-08,0.006767399186238,0.00357359432627872
"86",1.92725833272174e-06,2.449379363206e-07,0.0898866544342713,0.00744981378348341,0.289716796933632,0.300756211202511,2.39207434573401e-07,1.72549638218789e-05,0.171928318239012,1.10550891768386e-05,1.02369188046396e-07,9.14093409972776e-08,2.48194593191172e-07,0.000749455661914999,0.015293206712459,0.0115252251799475,1.32382807853653e-05,0.0914939524260037,0.0128727221608591,0.00828324155529564
"87",2.44577366556306e-08,1.62387746876629e-09,1.45588991130921e-07,1.99552122284275e-09,0.000130190774744915,4.0727793219492e-06,1.58621503685173e-09,8.75530476058622e-05,3.42301045251756e-06,5.66144877810934e-05,6.11229974676815e-10,6.11229974681708e-10,9.03762468154897e-09,0.914889903177519,0.000400369764446442,6.11229974676815e-10,1.07476443274651e-08,2.49680371678273e-08,0.0543568140937305,0.0300708370250597
"88",1.61929350136069e-09,1.03975097381364e-09,0.000188299321352032,1.83509542739029e-05,2.92282937338949e-05,0.000397592990115035,1.01585793990515e-09,3.2016485679279e-07,3.74780432471814e-07,2.05472117510411e-07,4.50854655099531e-10,3.94730973422151e-10,1.19375242644383e-06,2.25878431944261e-06,0.00168765935392422,3.3763535749689e-06,0.973899115572332,0.0237217420427357,3.29747620016714e-05,1.73028813162855e-05
"89",2.45997502320376e-06,2.24675358282579e-06,0.000414256202233141,0.10673115239559,0.00327986816060569,0.000242798644577776,2.16600972954954e-06,0.107115270099767,0.0332127701970129,0.0635723839915574,1.71979838717574e-05,8.58182289484306e-07,0.00146649194957031,3.72930550612186e-05,2.14299475966537e-05,0.472967797546118,1.89993926199295e-05,0.206873397590805,0.00267730449256025,0.00134385742982844
"90",3.4482638453772e-10,5.88383081144932e-10,0.00119554974339586,0.0181632227706655,1.19309473887247e-07,0.199217006128088,2.09704653419657e-10,1.35583453127886e-06,8.4883520049492e-06,1.02071772591028e-06,6.43218791826733e-08,1.52116287277204e-10,1.86491282535595e-10,3.17253315519481e-05,2.61752627570018e-08,0.781198402562029,7.91885770239168e-10,1.1010457089021e-07,0.000122871173565185,6.00352018480104e-05
"91",1.29754108822639e-08,5.96121859023715e-08,3.49244227357076e-06,6.21658467811672e-11,5.24865821089082e-11,0.0135515272053376,2.37866617829987e-08,0.199480053539261,4.12088950084712e-07,0.112624686365679,0.671582057522214,1.33104906845393e-06,2.01053268117881e-11,4.84635200728147e-07,1.98488730918247e-11,3.95925355752909e-11,1.76892153846567e-07,0.0027520140599892,2.31229519000378e-06,1.35533622394683e-06
"92",5.13247698283687e-10,4.39050295009924e-05,1.63635214123038e-08,2.00881194753015e-05,1.25186891092324e-06,0.958929900848333,1.08385189260499e-11,3.22370208472119e-08,2.038053094181e-07,2.05224023339084e-08,2.63357686569654e-09,0.0408904553982721,4.35463998695546e-12,2.87599803653741e-11,1.37942915607792e-09,0.000113724902863655,1.18197890537883e-11,3.90248427354007e-07,3.89918934526323e-09,2.17474687875354e-09
"93",2.52202583320496e-05,1.2459627260693e-06,5.59832039952441e-10,0.00101193712029918,1.04176414259469e-08,0.634507261209369,8.10249111161408e-09,0.00192565798083356,1.41117351696141e-09,0.00107556920674455,0.350249538749572,1.15822917461348e-07,4.53051665278869e-11,5.28753886122633e-09,3.7023208819628e-10,0.0112024761808248,2.43807350427657e-08,8.53855662644539e-07,4.96296371452927e-08,2.34481329213537e-08
"94",0.000767598834664076,3.19224670197187e-08,2.84926725398562e-08,5.10319841949835e-05,4.6620555896404e-07,0.000539086247225519,2.62313839245599e-08,0.00238428627651202,8.0417573624797e-08,0.0015527777145418,0.00482168212430081,1.03235422907521e-08,1.03235422907521e-08,0.241929378522141,4.36174887553125e-08,3.47300720337078e-06,1.03235422907521e-08,1.03235422907521e-08,0.506371610664396,0.241578356443507
"95",5.44354629980112e-05,2.90213806127786e-10,8.14515828851529e-10,1.33050356844374e-08,3.54911252563977e-07,7.95631929930179e-05,2.87392669951713e-10,6.32016066796779e-05,1.67910265926316e-08,4.37770795519099e-05,8.02961247099659e-07,1.18745795037996e-10,1.16590351453113e-10,3.23982511020731e-08,4.17144339789363e-06,9.77561368605748e-10,0.260625601453602,0.73912745848988,3.92985710098436e-07,1.75313354822209e-07
"96",0.000133505375975232,1.66469067099988e-07,1.83274293309631e-07,2.6400500586555e-07,0.460987308850428,2.07270953918195e-07,1.62912374026497e-07,0.000306297554591689,0.529563958058961,0.000179475849997498,3.20777747762477e-07,6.76759120555256e-08,6.76770464885475e-08,1.06857694990301e-07,0.00862190575713762,8.46843578674723e-08,0.00019047830482059,1.51221451460911e-06,8.8288779395544e-06,5.09755118056909e-06
"97",8.76925732248385e-07,1.09064854656444e-11,1.19964787030198e-11,3.73991981268675e-10,4.78732450750412e-08,1.35511721872871e-11,1.06756790047977e-11,5.13818071239587e-05,5.36574237611109e-08,3.27757397198266e-05,8.30058330780871e-10,4.47203151988387e-12,4.52397367903095e-12,1.16722666655926e-05,6.96386573211005e-05,2.48899969398216e-10,0.999540487007014,0.000291964109065925,7.12770606105007e-07,3.87677006120982e-07
"98",1.05225332051936e-07,9.9569960434887e-12,0.000865503901081936,4.78314281687358e-06,1.02361252200918e-11,0.00752436247235697,9.74830714226664e-12,0.00161830777503159,1.62219642051701e-10,0.000916956528073177,3.30900585450384e-11,4.11779981560181e-12,6.58255146959841e-12,0.0322015848180797,4.32720782321615e-08,2.94652612126429e-05,0.0247930556402048,0.931563534030171,0.000306013456900548,0.000176284240708933
"99",4.55965707213037e-09,2.25637950965298e-10,0.00021094400285357,0.588033546450739,2.319004997198e-10,0.100464585109782,2.20954679823844e-10,4.47811742803348e-05,2.38046070455373e-10,3.08073194254302e-05,9.41165300156685e-11,9.41165300164392e-11,9.41165300156685e-11,0.0798262394174008,1.07090653070239e-08,0.180248953430802,6.81337227861976e-08,6.52810194179336e-10,0.0355121932552458,0.0156278645853272
"100",6.71341089621948e-13,2.83309908700553e-13,0.000961647042344289,5.58632539340394e-11,5.88559634590155e-10,0.00518801058811722,2.77486749357418e-13,3.61005311266562e-08,0.000482108556349793,2.2032557988096e-08,5.27617430289624e-13,1.19187126925247e-13,0.273774350136309,0.717116441511673,6.55458122157867e-05,1.86109509959636e-09,0.00136772821428652,3.52612186163673e-07,0.000695257971838721,0.000348496914193232
"101",1.79155843705008e-11,1.66250920563209e-11,1.61098550460001e-05,1.06919693335754e-05,1.18945179087178e-07,0.000600241392368849,1.62635986196025e-11,2.5549256859688e-08,7.21387092607609e-05,1.46433144970835e-08,1.90087836229287e-10,6.99414091736025e-12,4.0001039789049e-07,0.961584011165744,0.00277455721651536,0.000202247139834632,0.0135965122523135,4.14237614517207e-06,0.0133146449406211,0.00782414358678243
"102",1.19059278188739e-10,1.97083530537208e-10,3.11230412798668e-06,0.000409656674210868,0.00507096570488056,5.19796181556435e-05,2.43346143708396e-10,1.40976437598681e-10,5.3004552717283e-05,1.21913212835387e-10,4.64341763328498e-11,1.17187529611063e-10,1.27064458199884e-10,4.64341763328498e-11,0.00354539772331963,0.00122432957380007,0.95149908171789,0.0381424697144651,8.28577289007057e-10,4.28356644789117e-10
"103",4.57800591087249e-08,7.94494428781324e-08,2.17619643503808e-06,2.427852129682e-09,1.5386453955105e-07,0.0244356577208387,4.06171936803697e-05,0.000602984550899979,0.000178499391939771,0.000345653703085716,2.3578160337285e-05,2.65378500873429e-07,8.90024507560104e-10,1.12422208483707e-06,6.57216848719737e-06,8.78038094608978e-10,0.970957739707407,0.00338871443962264,1.11321831826507e-05,5.0016935416035e-06
"104",8.38870985113352e-05,4.14705273878449e-07,1.42491262614382e-05,6.4417450310697e-06,5.09460461297335e-05,0.937308137984189,4.00808862252824e-05,0.017582812330658,4.36352525412259e-07,0.0101537361180392,0.000205286702683121,0.0192389805035552,1.80541746575168e-07,0.000159470340748188,2.68765666141839e-06,1.80541746575168e-07,3.07036441248532e-06,0.000463095782779715,0.00943363859747128,0.00525226657535104
"105",1.20038292126519e-05,5.75412760206832e-05,4.06373890582555e-08,0.00610810559074186,3.74520264689377e-05,0.850741499187207,9.70966035589955e-08,0.000133748452995079,0.00103360301920702,0.000102036343915105,0.00318242431195811,8.08063360574725e-08,6.43742244978217e-09,0.0319469139006666,1.16732603863718e-05,0.0438983221715782,6.43742244958555e-09,6.43742244958555e-09,0.0434666168056384,0.0192678219714074
"106",3.26483021119264e-09,1.56011870027528e-09,9.50495989761216e-10,0.00858266478382617,0.000137447661513953,1.06230449391848e-09,1.45636474468655e-09,5.45471228550265e-09,1.0759971689591e-05,3.7383167005052e-09,3.85893887909834e-10,7.60992953520226e-10,3.85893887909834e-10,3.97350904536058e-07,0.00134964748584251,0.0138955517109144,0.0703687403074535,0.905604836715277,3.49132388854411e-05,1.50217537688418e-05
"107",0.00814130029094206,2.18409278891207e-07,6.65214896781145e-07,0.000489657867338967,2.99630224404381e-07,0.965924803096056,2.134570499739e-07,0.00947469718516268,0.000888399378747687,0.00678190453139593,0.00010561607796096,9.7937164064671e-08,9.65555068993584e-08,9.65555068972058e-08,9.65555068972058e-08,0.000660844656734609,5.09938444748654e-06,0.00749279789850325,2.21361674699701e-05,1.09591501056539e-05
"108",1.13007964075608e-05,5.58277540939441e-06,1.58243654073012e-05,0.0240193997849634,0.175354847447602,0.0131188793042867,5.47713475242306e-06,1.38883413679521e-05,0.311835058050049,8.60907997032195e-06,2.5150938670195e-06,2.51510134007713e-06,2.51512468590468e-06,0.000596655532820078,0.0191197928750256,0.00436727457659487,0.000271885212761615,0.00013087437153909,0.313305633173354,0.137811471857797
"109",1.7193351708034e-12,2.73631021558712e-14,2.97655978088238e-14,5.75355158070694e-12,3.19011903932373e-05,1.05406557544584e-11,2.6850863977347e-14,1.01078417524535e-11,2.48440187424963e-09,5.07196776122083e-12,4.79251085810258e-14,1.24333378405635e-14,1.26026040165909e-14,1.08710604041302e-05,0.942652483660913,1.76299316700022e-12,0.0573046199356326,1.21111426412939e-09,8.04241303258703e-08,3.99978974750545e-08
"110",5.91774220162581e-13,3.80266352014643e-15,2.78666037518505e-08,0.00691767116721513,1.12038357364261e-13,1.23237385923103e-08,3.73225250895894e-15,1.46189658648336e-10,2.96301284615388e-14,7.6626027085436e-11,4.31981549424428e-15,1.74271819478118e-15,3.16979012434338e-15,1.07818206430471e-14,1.74271819478118e-15,0.993078225013155,9.22613675427972e-13,4.06339931683882e-06,3.59361961194831e-12,1.87592806672437e-12
"111",5.60059371876048e-08,2.86269376647261e-08,0.00200076843321502,2.63155790919144e-07,3.26393856506906e-07,0.0151566069167391,2.8102709890894e-08,4.55935700594817e-07,4.6055318699157e-06,2.96027154066458e-07,1.32321685324668e-08,1.32321685327115e-08,6.16619194319834e-08,0.00283907793026191,4.04126957576623e-07,1.32321685324668e-08,2.1423355748827e-07,1.76831657619527e-05,0.681726124979543,0.298252959075582
"112",2.07384713980177e-09,8.35246735989367e-10,0.000216104055463152,2.90785239288607e-09,0.000137367280029058,0.0099892155129761,8.20117817005232e-10,0.000304409079276187,0.0166082840167498,0.000176891106814601,1.29768740482442e-09,3.89389555971941e-10,0.970283999810613,0.00145382342227573,0.000598034133982948,1.01223976628201e-08,6.20926207857441e-06,5.15868256025931e-08,0.000158150940835116,6.74413455411492e-05
"113",1.89822368649527e-10,1.77520145964825e-10,0.000226340044931104,0.00682341259630449,1.22486317119334e-05,0.000812825669916447,1.73428965374063e-10,5.4814576186563e-05,1.28710679177732e-09,4.84012320912221e-05,1.43035250071365e-08,8.33220906500595e-11,2.81485613824111e-09,0.949925941585235,0.00352255103235267,0.0305373652061342,0.000212665919099384,7.06782256731597e-05,0.00485724031995759,0.0028954959308249
"114",1.58491311540891e-11,2.65758560745279e-11,4.1420784214411e-07,0.00623299754931972,6.86591757938017e-12,2.88039030214052e-07,1.25550866588229e-11,1.10737239410649e-06,4.00898000090273e-08,5.87971860775061e-07,8.02586729978796e-09,1.15337658746984e-11,8.36761787371313e-12,5.01812882651374e-12,3.18113093921313e-12,0.849397238794838,8.11833805002322e-06,0.144359195513876,2.59399690314835e-09,1.41317765475025e-09
"115",3.93762348343792e-06,2.89241114250399e-05,5.03352854612286e-06,2.51745129500588e-06,1.68467971720471e-07,0.00705597119165212,0.000479802422224962,0.355048027374151,0.00109877180409227,0.194123683356131,0.0873612137177314,2.10762538085042e-06,4.3242316004928e-08,9.84280486354296e-05,2.00385096954718e-06,3.20110434850186e-06,0.342278411547346,0.0111198261968709,0.000860790008428862,0.000427137326999403
"116",1.73591794974183e-08,1.25309674057724e-09,3.53279204251362e-09,3.80043056964365e-09,1.02219870074471e-07,2.60971238086533e-07,0.0304387041530847,3.91148966970865e-07,1.09286289153572e-07,2.16508674598184e-07,6.04540016098962e-10,2.40396582631242e-05,6.04541617717891e-10,3.50823683037619e-07,7.36267777653518e-06,6.04540016098962e-10,0.880448975695085,0.0889734992797712,7.57113397921117e-05,3.02484783852704e-05
"117",1.75913184302252e-12,1.62607837799682e-12,9.20911916143058e-12,6.00010060158233e-08,1.194312140899e-08,0.999996942889557,5.11720693307803e-09,2.02978267389697e-12,1.77726104482064e-10,1.79478032195306e-12,7.91222797768444e-13,6.12765475215942e-10,7.91222797776072e-13,7.91222797768444e-13,3.36464295047473e-09,3.2059894818926e-09,2.96151129888729e-06,1.08770021629287e-08,1.82203556955795e-10,9.86873577524e-11
"118",8.37507679169807e-06,1.27896580591447e-11,3.01826865387467e-12,1.20783193784905e-06,4.49010343709438e-11,0.0131531847328233,4.89235094585975e-12,2.81877786041214e-05,3.77161525922296e-06,1.73656805499421e-05,0.97695222905326,2.65861688029077e-12,1.37308543737693e-12,0.00937764280270226,1.78393381107894e-09,0.000219692609451249,1.46252312591489e-09,1.05194216017775e-09,0.00016145732777507,7.68811228128757e-05
"119",0.00133086042544824,5.42898683155488e-09,8.72107432398491e-09,6.65049701144902e-06,0.000169670653122772,4.15860690424482e-05,5.41618973121989e-09,0.00201684537991801,5.65910317422046e-09,0.00105927943963476,5.22830235523079e-06,2.70457651208443e-09,2.68345010563304e-09,2.68345010563304e-09,0.000167385723370249,3.86865627969912e-07,0.98997373949311,0.00522824225072666,6.0777471123268e-08,3.08263300463292e-08
"120",1.73590595014929e-05,1.59136266805464e-08,1.71354271810424e-08,0.20787594647039,2.05638783462246e-05,5.94039359355826e-07,1.56513401737136e-08,3.44407685568025e-05,4.16325025133718e-06,2.40697214068487e-05,2.53956991576806e-07,7.94459226178281e-09,7.94467112671348e-09,9.26350249024605e-07,1.82821333313391e-06,0.791876749761109,1.59294543782758e-06,3.5159872023761e-07,8.70365159655966e-05,5.40588807238704e-05
"121",1.12041854812173e-08,1.52228492295886e-09,7.26995803093472e-07,1.58960700232131e-05,1.55523378890081e-09,1.78260459211425e-05,1.49751482114697e-09,2.72799330090486e-08,0.000232760164896478,1.78377983982416e-08,8.91811095626766e-10,7.6651511032263e-10,7.7762895523704e-10,0.00146355145682764,7.66515110295905e-10,7.95864803826792e-06,3.45596890410713e-06,0.150921610741317,0.531518105896182,0.315818043912667
"122",1.6722301296167e-07,3.09643244670945e-11,4.46421669643491e-06,4.68482175163524e-11,1.94818047686662e-06,0.00176349175954764,3.04668097434443e-11,0.0013855403800106,0.996022011225242,0.0008222658502121,9.38024939878225e-11,1.57254560239313e-11,9.93283663005089e-11,2.25197966472614e-08,5.81230964332337e-08,7.31663339317218e-09,2.96278435629339e-09,4.56993772729646e-09,9.9703875092655e-09,5.38502992024584e-09
"123",1.32974666101445e-07,9.41722417029873e-09,5.97493708704672e-05,0.00141766769221614,4.24771424662629e-05,1.06856664075015e-05,9.26783870897352e-09,0.000348433460656789,5.3873818645956e-05,0.000223752364110531,4.82371245941723e-09,4.82371245956878e-09,5.087691364134e-06,4.82371245941723e-09,5.63118318561417e-07,0.00856030674767914,0.000416168786980891,0.98886089470399,1.15243334665787e-07,5.80620923056003e-08
"124",8.76950528463998e-12,3.93286789080175e-12,7.14579098188387e-07,4.55446427117081e-12,4.10319150458411e-10,2.63284468705379e-05,3.87125359037009e-12,2.62421780796713e-07,0.00671127570951353,1.65074114401323e-07,4.45325253910896e-12,2.03179851814075e-12,0.993261252619367,2.0317868232395e-12,2.0317868232395e-12,4.07920146461649e-11,3.65568442941474e-11,5.68665185316986e-11,4.01231348775689e-10,1.7181276373738e-10
"125",5.66252495004318e-06,5.27962972075143e-06,0.201606187592191,0.000274710502557343,0.00235535702407666,0.691443941585474,5.19255828234502e-06,0.000287445062674614,0.102208166854816,0.000184138539833926,2.74813256219127e-06,2.77613584263732e-06,0.000648127006295838,2.74813256219127e-06,2.74813256219127e-06,2.49543096852577e-05,2.74813256219127e-06,0.000576505709333515,0.000235543089871715,0.000125019344146369
"126",5.07503583644573e-08,5.97339200863252e-08,8.29393382824705e-08,0.0331230548989581,1.51645246767607e-06,6.49676803791363e-07,3.19614007245578e-08,0.0220362210893031,8.68092128615182e-05,0.0144758195454007,0.000315393729500663,1.58919580033849e-08,2.35774660427145e-08,0.000831856268028291,4.83229252778154e-06,0.920960189171506,0.000679479391337015,0.00538735303743686,0.0014185751227974,0.000677985256629753
"127",3.00070445002877e-07,1.35025765567896e-06,0.000465256873598074,3.66824470428655e-09,3.27514961165534e-09,0.225525765603313,3.16267105872824e-09,0.268759903255508,0.000298676663334039,0.178927750104542,0.312726998961187,0.000551552969801431,1.72734317569951e-09,1.4652587203826e-05,1.70201614783646e-09,1.70201614783646e-09,1.70201614783646e-09,0.0125134541134522,0.000143379163044297,7.0942437458695e-05
"128",9.0892139180048e-07,3.515164440269e-06,2.23755851541824e-06,0.000576490300314536,8.94014566839928e-05,0.0769381408068091,0.000249080943269619,1.40630015996957e-05,2.43424752776679e-05,9.87605800834363e-06,9.69466212468348e-07,0.0507845532706954,3.21999851182051e-08,0.0866901122092832,0.00152616844426085,9.0164484587672e-05,0.0014982942052782,0.016277846262294,0.516394491359737,0.248829311411356
"129",0.000181060331049573,1.15354188368537e-06,1.50527970880964e-06,0.000202845632043062,0.000647803967961595,0.988019405436603,0.000227568368826108,0.00174222076640461,5.52589770436747e-05,0.00104157637922544,7.90444685787825e-06,5.309053688864e-06,3.92152550445054e-07,5.5691198688746e-06,0.000187282377050909,1.23321702065426e-05,0.00533998688775436,0.0001321956222114,0.00149080502161542,0.00069782446744552
"130",0.000339191130204067,2.43060576450248e-09,1.05512687224798e-09,3.42748741550704e-05,1.8086835271693e-05,0.986738412579353,1.76416801920876e-09,0.00121511256549491,4.59570513026474e-06,0.000615611795939421,0.0107877974451059,7.65077341526994e-10,5.37856483785959e-10,3.5957095027013e-07,3.26760932191014e-06,0.000240533535278702,1.2979796026296e-06,1.05923995089332e-08,9.10071466632858e-07,5.31157491554169e-07
"131",1.39715147046627e-07,1.03094452082883e-08,1.0911953681747e-08,0.00192240525109292,0.0494290392229923,1.18401127157592e-08,1.02182468103686e-08,1.52477381938503e-07,5.70474009121458e-05,1.13150802474504e-07,5.61542644656412e-09,5.61542644656412e-09,5.61542644668463e-09,3.76287493767797e-07,0.285556624736216,0.00153371159066991,0.661244441243971,0.000224403281837522,2.04094374902676e-05,1.10760779551544e-05
"132",9.4550524377925e-07,2.91262860452575e-12,1.92876491300821e-09,9.6290739562116e-07,2.81893554565337e-10,0.999971888166296,2.87176105926267e-12,3.46826527825039e-06,1.93468691688847e-08,2.34432986400255e-06,2.64540806237428e-08,1.61136445429196e-12,1.61136457175041e-12,2.38122456371567e-09,4.19922411159625e-11,2.03088076646058e-05,4.99703117928588e-10,2.58588690655736e-09,1.83528716162636e-08,1.0135963859251e-08
"133",1.33789644273865e-05,1.6710456468412e-10,3.8961045793061e-10,4.90756776713658e-05,3.77368606180511e-05,7.7752381545355e-06,1.64795651367523e-10,0.000673381130030192,1.37267751118616e-05,0.000440175004477173,3.2107537841408e-08,9.3242832862202e-11,9.49511056142317e-11,7.26354429636555e-05,0.020528299894725,0.00241905431871492,0.975741887567413,1.18040636957148e-08,1.93067242611966e-06,8.97631960422575e-07
"134",3.78048046192778e-09,6.08029093801559e-12,3.1488637362535e-09,1.05663175481173e-10,2.83617097997315e-08,7.39859734433297e-11,5.99752382660876e-12,2.79426554345151e-06,1.1436525422694e-10,1.73440482369889e-06,1.18222092898365e-11,3.42190833024597e-12,4.11367006203594e-12,0.814354897233293,5.42900107866357e-06,5.0971007846639e-12,4.56784795766464e-07,0.176926931263813,0.00555612032604321,0.00315160109900738
"135",5.29321366200672e-10,5.01236825405682e-12,1.01822880983963e-06,0.000347696244536321,1.16397265237747e-08,8.17214728159373e-07,4.94516491941860e-12,0.000745670453511727,4.67655264163044e-06,0.000554936055384097,2.84514133685478e-12,2.84514133692585e-12,7.86758574087447e-07,1.07216450631905e-08,2.40004674988129e-11,0.998344355711781,2.84514133685478e-12,9.75706671876896e-09,6.12369249642836e-09,3.96608707077588e-09
"136",6.45837381757088e-06,4.01011289705853e-06,3.17491627059603e-05,0.295811325847636,0.000257105718942133,0.000361834475297435,3.95715108245198e-06,0.00378128925803557,0.00925544979007972,0.00237575596019305,3.08860857112665e-06,2.29579311026287e-06,0.183381167049738,0.000220999093077965,1.44379394909324e-05,0.360241676308748,5.9314833109445e-05,0.0031252299402996,0.0909952688300005,0.0500675857531677
"137",2.59587192653876e-07,2.46459423389069e-07,3.98667377798181e-05,0.0377357967745259,0.122216635210499,0.00206709120790226,2.42109761989686e-07,0.000449364213691796,3.01142147135971e-05,0.000302217654919812,1.00972092671422e-06,1.41695020565642e-07,6.63997701493423e-06,0.316464880518915,0.0909341159280392,0.0241198630955893,6.68266693996198e-06,2.66503408655347e-06,0.26614396887263,0.139478198320427
"138",1.30671251325092e-09,1.76953219438151e-09,5.01993369687224e-07,0.0025604648125049,9.14217021975558e-10,2.39939863123979e-06,1.64790602077988e-09,1.29354091053105e-07,4.58446598549659e-06,7.71685190874487e-08,1.07613078711971e-08,1.15944855903113e-09,1.07728306274926e-09,0.0374920821253672,3.51822502275877e-08,0.0066135399481121,8.91352650249837e-05,0.0110504806838243,0.646528720313821,0.295657830652092
"139",2.92691167413416e-08,3.09393542553914e-05,3.77662910957044e-08,0.0202113933294602,5.37747601424126e-10,6.96554760620813e-06,4.44988419164215e-09,0.00592730236025293,6.17322757499094e-08,0.0046359287947783,0.0589992766935864,3.95546112313493e-08,3.14315874847185e-10,3.5935745044273e-05,3.1068909094323e-10,0.909906395446894,4.50927752535615e-10,8.50110359172762e-07,0.000148876215473011,9.596201643032e-05
"140",6.84160471003756e-06,0.00126185348569195,1.2111473665404e-06,0.000429717059259875,0.000533285112959036,0.00654808822331345,3.09461675426469e-07,0.000529001490770308,0.000616291393669778,0.00043980487357257,0.00120747258211993,0.000632008065841988,5.42842099893476e-08,0.305179677620692,0.000246302235776144,0.000405790852918046,1.89780337974797e-07,2.24576975520913e-05,0.481212701903947,0.200726941123617
"141",1.51799067204637e-06,7.20433549080168e-10,1.28412429753835e-11,8.92320181093996e-11,2.32496847843139e-11,4.40603128608805e-06,3.22552987556656e-09,0.000117544028387946,3.72602689522926e-09,8.4292065304532e-05,0.906250078566921,5.87906624583249e-10,3.33405993713676e-12,0.0917720206182865,1.42455949214814e-08,4.62828292568382e-11,5.52300479191911e-07,2.59627419866247e-07,0.00112307336290744,0.000646232727903897
"142",7.83503803888575e-05,5.04202468045093e-11,3.6342215256653e-11,1.8313966561e-09,1.70399672160409e-07,4.15246462710055e-05,3.81869549384006e-11,0.000352866725546075,8.72794013532284e-10,0.000242634924191527,0.137564186302143,5.34567259246513e-11,2.07584621994942e-11,0.855735512758663,2.09857256981824e-06,3.62299434635523e-10,2.55355366965754e-09,4.41652791398141e-06,0.00364328112066355,0.00233495182276836
"143",0.00040924763544864,1.27987477129571e-09,4.15678438159218e-09,0.00104244346927867,4.72932099013948e-07,0.00116672402693859,1.2678716929971e-09,0.000443363552451868,1.30978551189338e-09,0.000309867235027423,5.46109259880805e-05,7.88716921079511e-10,7.72458795176737e-10,7.86029394778557e-06,1.84776437290637e-06,0.000422686638654355,0.00145245388248603,0.994632336014227,3.92624510237708e-05,1.68136025638273e-05
"144",1.31097593248746e-09,7.78481575373456e-10,9.77947051990703e-08,0.335590041921194,1.20127242801505e-05,0.051174100519939,7.69479683839779e-10,2.0947758855509e-09,7.10390906281852e-08,1.3777616297597e-09,4.77262382190176e-10,4.77270197534676e-10,4.77266198084902e-10,4.25903201836213e-07,1.32253139522006e-05,0.612624181085938,1.48342566829061e-05,0.000403281648962303,0.000107975232888137,5.97447958923117e-05
"145",1.10133799286277e-07,9.72806831057544e-13,2.33069700453083e-06,0.00112086092882194,9.87418164109242e-13,0.952152105595877,9.61759082079391e-13,6.69671160240722e-06,2.50907695922189e-12,3.78060467990629e-06,2.22633915765687e-10,6.01528390299518e-13,6.06208227834107e-13,2.23362026437489e-09,6.01528390279208e-13,0.0467139417660275,6.01528390279208e-13,1.50257415856726e-11,1.16845642970807e-07,5.42374223959952e-08
"146",2.1402562820182e-09,9.15339329512275e-12,0.000365628067030592,1.24636391556543e-11,1.05451710944778e-05,0.970216649878798,9.0513215859479e-12,4.77845843981678e-07,2.59744672113629e-08,3.24855216215762e-07,1.17469098751895e-11,5.70858543929648e-12,9.46140123725677e-12,4.14750949880801e-07,0.00160895981902965,5.70858543929648e-12,0.0277940017815394,2.76572165903419e-06,1.30947147126612e-07,7.29836740680422e-08
"147",2.54097809205161e-06,4.87167533877022e-08,5.11640930250467e-08,9.75746684089532e-05,0.148763188595408,3.64151727643593e-06,4.81835060169662e-08,0.49504711715832,1.38247193649061e-06,0.355922179432074,3.06437270021346e-08,3.06437270021346e-08,1.03024409162611e-06,1.16471540091599e-07,7.25018649915374e-06,0.000152646220052126,3.06437270021346e-08,3.06437270021346e-08,6.78582716908582e-07,3.82834323829895e-07
"148",2.523698263839e-11,1.00878275309457e-11,0.263931405089001,3.29354424547885e-07,1.21860325655864e-05,0.735616133216074,9.9794234905266e-12,5.10661306016991e-06,4.41431442051282e-07,3.94242006856179e-06,2.40770225305881e-11,6.39994799093225e-12,0.000112257064446672,3.65309559476979e-05,0.000261501761896471,5.22851531988633e-06,1.28376543762615e-05,1.93506813190269e-07,1.34034275486434e-06,5.65966027855936e-07
"149",1.10781539093917e-06,1.05555145950484e-06,0.000350722707741063,2.10585491995427e-05,0.00126956486053083,0.00769448508066666,1.05418472908991e-06,1.63313124481889e-05,8.6390019105175e-05,9.89238380717706e-06,6.75423840346274e-07,6.79981505384111e-07,2.45728919436231e-06,0.00325028663440261,0.00578032845444481,6.75423840346274e-07,0.021105484004601,0.0070169238800565,0.662619756687911,0.290771069755125
"150",1.81033916180667e-08,2.01799956345928e-08,0.00445472938070156,0.000282817495460763,1.24516362249866e-05,0.986250401034726,2.85932749686588e-08,5.78123949490328e-07,0.000225061363344213,3.99765261138047e-07,8.70751021842367e-09,1.84161113025446e-08,1.82550854909228e-08,8.70751021842367e-09,6.53879416988271e-08,0.000350361931694702,0.00518838829280926,0.0032346072099863,8.70751021842367e-09,8.70751021842367e-09
"151",1.12838350919795e-09,9.47754606491961e-10,8.25638821852753e-07,5.49609328927734e-07,3.74658505192174e-07,0.000293278878074066,2.45250428944954e-06,1.9762281787437e-09,9.72691360567751e-10,1.30337010782212e-09,6.16916815075744e-10,3.02612655542268e-06,6.16916815075744e-10,3.49753510834325e-09,6.67191928087225e-06,1.7117599529802e-09,0.453701846752696,0.545968972557759,1.46847234142011e-05,7.30385971825632e-06
"152",5.14413319026202e-07,0.932640272536871,1.16782811222533e-07,9.77602010369445e-06,2.04339304606429e-09,0.021888048301345,2.21474348340581e-07,0.00013062805000716,0.0423288737984503,9.30917967153242e-05,0.00130193664372425,0.000785871946283681,1.32421595957794e-09,3.27220331556697e-08,1.32418604300722e-09,0.000372692695311056,1.32418604300722e-09,1.44662558283718e-06,0.000291878930147232,0.00015459124696614
"153",9.45250116470201e-05,1.67166356673659e-06,1.98775220847722e-07,0.00086025312758818,0.00724874797876618,0.0541145146323755,1.24907930562989e-05,0.00171416478881127,2.42283159180805e-06,0.00110507738841285,0.00129551554620781,0.000123115351057598,4.88304480701915e-08,0.00258101594008282,0.0713966703852675,0.000320280414320111,0.255423055249214,0.597743123763446,0.00409629104177354,0.00186681648714681
"154",0.0326161556669456,1.556332521206e-07,1.04740402677006e-07,0.00574272839191583,0.000103100787319507,9.26473656946926e-06,1.79932045829514e-07,0.108073015752135,1.02855465568497e-07,0.0707642317162217,0.754833551184368,7.85851770149339e-08,6.70378499489003e-08,0.00869412310468496,0.000568496335891805,0.00282985051187399,0.00388657560575889,0.000227596353916539,0.00740136314146102,0.00424925792674531
"155",0.00293960784358482,1.72086151170417e-06,3.65004342178514e-06,0.566821984357565,0.000400280743134913,0.156008934764802,1.7030873442849e-06,0.00408034389814823,5.95598673329148e-06,0.00234484865564536,5.40109056988472e-05,1.16533489062666e-06,1.1530978580645e-06,0.000177750681006464,2.37238457047018e-05,0.204612171574631,3.84386248187241e-05,0.00705665776152359,0.0369883672221555,0.0184375307098214
"156",3.78313544191946e-05,9.22897831787094e-10,8.92903944425242e-08,0.000802667697665855,7.13915779930027e-07,0.179732923761525,9.14500959485433e-10,0.000128076165772462,3.14600441934092e-09,7.93470517555428e-05,3.37695751120706e-06,6.27003012489537e-10,6.26998140864654e-10,0.724495616288043,1.90334944190911e-05,0.000856195360729125,5.34670380918054e-07,1.86568716693567e-06,0.0626124839982405,0.0312292380687931
"157",0.000507457951453597,1.12749518750019e-08,1.07903090752822e-05,1.97947322641396e-07,0.0209150972447429,0.0337220613224988,1.11747195380906e-08,0.0227080244733089,0.0219577430332456,0.016938124102279,1.92392591007306e-06,7.72585559760103e-09,7.87472690753745e-09,0.54048298559774,0.333498532395036,1.35262939919373e-06,0.00122568390201833,0.000211595554922618,0.00505650093620751,0.00276189062458552
"158",3.33104917861831e-08,7.16212295698883e-10,0.0408601447613218,0.000112480878686756,1.49891581987094e-07,0.953348420653737,7.09992719493962e-10,1.83297185980988e-06,3.37225322249324e-05,1.66114828733498e-06,9.00917293472494e-10,4.94983277063221e-10,1.20694474887632e-09,4.79927633804464e-06,2.12692816464111e-07,0.000781074656697819,6.84760481202002e-06,0.004639881401368,0.000145612545926058,6.31216447997171e-05
"159",9.60505249002742e-07,1.19913280824007e-08,7.18727844228577e-05,8.36905596626017e-06,4.57702820751842e-05,0.00138681067330646,1.18896643845972e-08,0.529816257787671,0.000143991078540067,0.380600993765022,8.35858770464212e-09,8.35858770476914e-09,1.32235975303994e-05,0.082914946796143,0.000473825684104084,7.72402895914471e-05,0.000431570731413361,0.000109099143454827,0.00258747074831063,0.00131755647903108
"160",3.61484819779778e-07,3.13854300461085e-07,0.0201873489019064,0.00476492211777396,3.17274844884887e-07,0.00105152562207604,3.11257203137497e-07,1.74655924734958e-06,0.000807266748430334,1.44498768007894e-06,2.20652775934148e-07,2.20656225178511e-07,0.00251673080416284,5.81868430778897e-05,2.20652775934148e-07,0.00094185160888461,2.20652775934148e-07,0.0103076890613862,0.637484915523222,0.321874184736432
"161",1.02160768058547e-09,1.00227834069293e-09,0.00022057504632483,0.0439341500677677,0.000323394846574157,0.0172956231652142,9.88077175637529e-10,0.000182897944266856,1.07136635531995e-07,0.000150673605145627,7.92986298061168e-08,7.03141352068492e-10,1.54954086382757e-07,0.0226122900712858,0.0161823947743661,0.897482193747208,0.000533445037583237,1.02504595808717e-06,0.000657387886153544,0.00042360365769578
"162",1.35143339293712e-09,1.0309339470405e-09,3.47322807367207e-07,0.664803401653263,0.00257256141956272,4.40691694003124e-06,1.5517189218475e-09,1.23169489048963e-06,8.20487212694254e-10,9.42242187819881e-07,5.45555492160578e-09,1.14056007173807e-09,5.75096770529845e-10,8.5144024671136e-07,0.0267488084411269,0.191644253790948,0.103605733903728,0.0106112955066921,4.09384828096284e-06,2.05989354069239e-06
"163",2.32655030273321e-08,9.82383364248431e-06,1.10385039342293e-08,0.0421494718788855,1.07746977090118e-08,2.96024566539167e-07,0.000124899326457475,2.60655490103638e-07,0.00147689486655511,2.10939093357006e-07,7.69453885663542e-09,1.21609023579873e-07,7.82356747437129e-09,5.8696715933723e-07,3.6364818037708e-08,0.347525567941625,0.579723532972543,0.0258347321491594,0.00218502570398736,0.000968478170182209
"164",7.61056784277839e-07,2.82308464618222e-06,2.77985289163519e-08,1.45798231948194e-08,0.000199339543020347,0.374053290247963,1.31957867107764e-07,0.00206963256874833,8.3525913452481e-08,0.00170923334741591,0.50990245294168,6.61829848224979e-07,2.26996060740958e-10,0.110203244365142,0.000925604844779112,1.0071610717771e-08,4.91101367925495e-08,2.49024364954219e-09,0.000596647646232586,0.000335988762620186
"165",3.46737729786577e-14,4.81057694590469e-15,1.03341388084269e-16,6.09599200352402e-12,3.29044363854877e-05,1.01976892868742e-14,2.15971654190727e-13,3.16810820833239e-13,7.42984753599057e-15,2.06230971117658e-13,4.19287866495336e-13,5.1845859402313e-12,3.8351585484078e-17,1.12716772152031e-10,0.280976879154115,7.91780870095093e-12,0.698465021016202,0.0205251952594297,4.41796700357317e-13,2.95965299644813e-13
"166",0.143110389249549,2.14591221296333e-06,2.21445941602382e-06,0.000107382852322129,4.70361593253065e-05,0.00904449441362836,4.57199671866273e-06,0.379165596759454,2.60492513863037e-06,0.298510037563764,0.0674942344466801,1.58816499706802e-06,1.58816499706802e-06,0.00256366305854969,0.000112878951965213,4.04505265582978e-06,0.0104689264508563,7.16123083753679e-06,0.0588098567204923,0.0305395834664399
"167",2.29732653364034e-07,2.40518597241186e-10,6.1072702684029e-10,1.78451464885411e-07,6.39989282736157e-05,0.000243028973653692,2.42063034895142e-10,2.14301873021895e-07,4.51900698110436e-08,1.97859637552307e-07,1.29135752491177e-09,1.8168138899298e-10,1.79082192275542e-10,1.75055980128426e-08,0.00153435727633578,3.19112289789321e-08,0.97695588874821,0.0212011978296273,4.01683411934527e-07,2.0886253257239e-07
"168",0.0137740762515218,2.76611243122763e-11,1.65859421208582e-09,0.00204234071007143,2.79013461604841e-11,5.00967036329154e-05,2.74773770533172e-11,0.07287788068494,2.75159964455427e-09,0.0447725065754732,0.000732330958023474,2.08249037703388e-11,2.08248191576431e-11,4.26416867561901e-08,2.08245474512315e-11,0.865669078306452,7.31879933203062e-09,8.14986696430526e-05,8.22901199805117e-08,5.43339277603275e-08
"169",0.000336780447043781,1.11182491700422e-08,3.16713077198364e-06,0.0124193230978419,2.6422816366187e-05,0.000703161304132829,1.10469042205935e-08,0.00919842891446005,0.000417860001815866,0.00761667495761005,2.21194368284152e-06,8.44249212525252e-09,8.5910228457633e-09,0.0352481024055058,4.20115460318483e-06,0.917682419007971,8.44249212507147e-09,1.74054408003205e-05,0.0114946884442597,0.00482910529197366
"170",1.07215012163502e-06,1.00139697266408e-10,0.000227616327948844,5.59653847004847e-09,1.45037824057006e-09,0.973729586284975,9.95177727024646e-11,0.0162752470308958,1.01744719533902e-10,0.00976603875431443,3.44167930069914e-10,7.66932955346396e-11,7.66932955346396e-11,1.2408920369412e-08,4.85963079872915e-10,4.18540679326804e-10,2.85183101301417e-07,1.58073100430919e-08,7.63647907047842e-08,4.0937244835269e-08
"171",9.92625309804924e-08,2.35549055400382e-08,1.18781768330694e-05,0.00149223944145644,0.000371351417386932,0.00659141686310634,2.34134778027317e-08,9.20653159374706e-06,0.00068549166299767,5.06272043226943e-06,1.81948867628274e-08,1.81948867629018e-08,2.46839816954285e-05,2.4874490317392e-06,0.00618289944649547,0.00470291958663939,0.97971207576625,2.82177871067724e-05,0.000107472512829922,7.24140354567781e-05
"172",2.91798101022896e-05,1.53705532327614e-05,1.57736453519244e-05,0.0254040585252194,1.54875331841046e-05,0.00824673664688255,1.52814462736138e-05,0.195077457361824,0.0315609357851734,0.137883101411748,1.81863849017455e-05,1.19748751730022e-05,0.569828120765242,1.19748751730022e-05,1.19748751730022e-05,0.029535654488164,1.19748751730022e-05,1.19748751730022e-05,0.001556776487399,0.000738004779435548
"173",4.73086871405041e-13,4.75382757642471e-13,3.25424650853e-09,0.000617829287412736,1.22139437588424e-08,1.05384514159417e-07,4.61347226226558e-13,2.92276311706843e-06,3.17738097794428e-08,1.97210026632997e-06,2.85769717958854e-10,3.6468622187951e-13,1.69554514899913e-08,1.03102646822252e-07,5.85546797584078e-09,0.999376977459192,1.35075881118928e-10,8.79560612432025e-11,1.22185802640615e-08,7.12077509106345e-09
"174",1.08241205701596e-07,1.00872082470287e-07,0.00137036892566662,6.10828866036341e-05,6.37155315944594e-05,0.96867255901249,8.05376704848376e-08,0.0143984526791965,0.0016143882816413,0.0131906704046744,1.72497508789554e-05,5.62773179397898e-08,8.69534576562591e-08,3.60961496589055e-08,1.86127675853649e-07,0.00053174939669046,5.98582896352245e-05,1.91753150522411e-05,3.83241670917711e-08,3.60961496589055e-08
"175",4.15647771720298e-06,0.000877095099001504,9.45157743531406e-06,0.0234206258591187,0.00062630677182621,0.000413928118707871,3.03293420663033e-05,0.000605627284026318,0.360627003208273,0.000542146114780169,0.00013960629400493,5.28545293169815e-05,6.22686951996213e-07,0.00929243957029872,0.00137414409292725,0.205981133936197,0.0057409304848211,0.0573968427797031,0.228390643621236,0.10447411215159
"176",8.73327944873285e-06,0.000123461798816697,2.48113926614965e-06,0.000320326935674473,4.2853388553997e-07,0.0180354410648734,0.0019548360966929,0.000272700564328265,0.000951137123626428,0.000247157652255534,5.60230173606351e-05,0.000603844905333537,2.20773286005071e-07,0.00664892415740089,1.25784717408818e-06,0.000166939970367718,9.19603601435269e-05,0.000646033455674151,0.607731950886689,0.362136140437703
"177",6.01212059590798e-06,8.89664204306893e-07,3.02882771064455e-08,5.66683657273989e-05,5.43824106725576e-07,6.66754912291518e-05,1.18471700771789e-07,5.02992024859533e-05,7.70587804252581e-05,4.60597783840225e-05,0.000144260386115789,4.50475242070205e-07,1.61259374382687e-08,0.0870210484361531,1.01917335982969e-06,3.96229881687142e-05,7.75699028327031e-08,4.93596433008175e-06,0.607410058623234,0.305074154270419
"178",0.000965223252248635,4.86509777894624e-08,2.04241140912049e-08,1.671891773076e-06,2.0132464360602e-08,6.0574392017381e-05,6.31493284924504e-08,0.00192917396024207,0.170809890091175,0.00160328236189153,0.00061548552315871,2.32905193920862e-08,1.64131968824514e-08,1.64131968824514e-08,1.64131968824514e-08,2.76014935793901e-05,0.803021830294244,0.0209645851073594,3.08731078657704e-07,1.48014236928597e-07
"179",4.79435803937205e-05,3.86517739570397e-09,5.06973670071083e-09,0.00408422524883362,1.63524572409318e-07,1.73714425096411e-05,3.76242481737601e-09,4.91107412954332e-05,0.0326466366172983,3.94568669314592e-05,4.90691658345627e-06,3.12896966327765e-09,3.12582509611794e-09,3.12582509597941e-09,3.12582509597941e-09,0.96311010654715,3.12582509597941e-09,3.12582509597941e-09,3.00078662284807e-08,1.70511317467666e-08
"180",2.30239328639096e-06,1.0353330889614e-10,6.40977720886356e-09,3.47670432512388e-08,1.04094769970552e-10,6.62135090686696e-06,1.03103486723667e-10,5.71567105984458e-06,4.48441445866038e-05,3.58322563827245e-06,4.10519690495666e-08,8.63782814300295e-11,8.63777005421498e-11,3.7965163956922e-09,8.63762439479929e-11,2.08236571789811e-07,8.20129475361007e-07,0.999933649311249,1.47679044708167e-06,6.92151609334065e-07
"181",0.00164749524543538,7.69366109287272e-07,0.000292508632755935,2.67883663106682e-05,0.000165553336901089,0.929411793848473,7.66336459386799e-07,0.0282325395093469,0.00400743938367464,0.0156619385709669,8.14895284843865e-06,6.47395512752342e-07,6.5430127353235e-07,0.000226018045953433,8.63642877317594e-06,1.47512898422323e-05,4.24594985014091e-06,8.70818251413172e-05,0.0133257763463541,0.00687644686801783
"182",4.39345488360662e-06,2.311416713109e-07,0.00439586736078364,8.70040646631375e-05,0.0450145716797397,0.941103606188711,2.30279285481577e-07,9.68524554563972e-05,0.000822957860042504,6.86715221038277e-05,2.25081462651373e-07,1.96169618163155e-07,3.45764804541991e-07,3.81131340360686e-05,0.00515292258166745,3.17913711523739e-05,6.36234915179208e-05,6.5852985318669e-05,0.00203461273463869,0.0010179306784429
"183",8.7394035965485e-14,8.59974950910562e-14,2.74525757488151e-11,0.00722605277056658,9.95614348414085e-13,1.48123444893721e-12,8.56944336770521e-14,9.55009622110445e-14,6.9260459127246e-13,8.77538881076657e-14,7.36132790142146e-14,7.3613279016984e-14,2.33759682444586e-12,7.36132790142146e-14,2.67327773710121e-11,0.0506619829437808,0.00893100383365085,0.933180960129067,1.73131665910835e-10,8.944734996596e-11
"184",6.16922409233403e-12,3.29430179398301e-12,1.58247443740904e-08,0.00177051957620441,1.10103019575023e-06,8.23559190550034e-06,3.28330105330126e-12,3.96360150722805e-08,1.03918835589732e-06,2.49929652650056e-08,6.6949224873666e-12,2.84406739750577e-12,0.00887865673101,1.15039941997623e-10,3.56615579927387e-09,0.989340360181267,2.84406739750577e-12,2.84406739750577e-12,2.27240464838623e-09,1.26576244676125e-09
"185",2.21064936410062e-09,2.19997615559764e-09,1.27914341073009e-06,7.39153893513e-07,2.18832942498837e-09,2.54565650956429e-05,2.17267173190268e-09,0.00668380222401129,3.10349707573731e-07,0.00531831282013213,5.43024593267286e-07,1.90709887314124e-09,8.95593175188646e-08,0.325662796530854,1.89780251433496e-09,6.60291970718597e-07,1.89780251433496e-09,2.49582185948887e-09,0.450854125276204,0.211451868090657
"186",2.40966517124799e-09,2.17033421446367e-09,2.69632643343732e-09,1.30266311467158e-07,1.25634534504433e-06,1.3673689971938e-08,3.02368817177568e-09,9.9657666224543e-06,0.000112166172100742,8.40343955707815e-06,3.39841400714523e-07,1.9611544942428e-09,2.6076842115018e-09,0.0446332587584636,0.00220480039239626,1.5601609646872e-07,0.843713885242165,0.0831333906496864,0.0160058726198616,0.0101763459474504
"187",4.3062922729417e-11,1.21638818788375e-07,1.88249344714956e-07,1.83896793081084e-06,0.273809376284508,0.000689786698903691,2.12976870425739e-11,2.9673347868597e-07,1.07486991178116e-06,1.93436640936121e-07,1.17526682166443e-06,7.52657998182853e-08,2.28522199628996e-12,4.08515633367473e-06,0.72528667044848,0.000172655964495987,5.86989842222056e-06,2.65545323757851e-05,2.2903079545065e-08,1.36180082236483e-08
"188",7.82704621323208e-06,1.94787725631652e-07,1.03987613134131e-09,8.45272386016248e-07,2.23176970397208e-07,4.01632124582235e-08,0.0506178357421255,0.0704424304443141,1.03496143376751e-09,0.0435549751691798,0.756196723939236,3.63710267095501e-09,9.18790737377968e-10,4.27311623406214e-07,3.45472320028986e-06,2.35445476277115e-07,0.0791214813736188,5.21901455870609e-05,7.32737817885199e-07,3.75890582484255e-07
"189",3.35259494047554e-05,5.08378224095987e-05,4.30462868602864e-08,0.0841919020183168,3.6954381105484e-06,4.21714363662594e-06,3.142006062464e-08,0.00034516562395237,2.75401168977709e-05,0.00021759602582347,0.00549748814175069,2.43279019552248e-06,2.83772711194847e-08,0.00201128704684383,2.85825864587341e-07,0.859390459952904,2.83772711188692e-08,5.2097155787835e-05,0.0328016663140972,0.0153696714131144
"190",2.52145924740342e-07,1.70371889744055e-10,4.95529084870011e-11,2.44534519248803e-07,4.92300104649152e-11,4.04616483598776e-09,1.7198215272096e-10,6.37474047319133e-07,0.0405543681959718,4.46890274311052e-07,7.44130847592651e-05,6.04803984568194e-11,4.46211910229857e-11,0.000495050191654163,4.65350980349093e-07,2.75795386570284e-05,0.956933370713576,0.000628691418747338,0.000819593641835547,0.000464882226649566
"191",0.00279219965671309,2.27569267157129e-08,5.41097956913832e-08,2.29165021637136e-08,0.000189468527697889,0.022611601822908,2.27389305092533e-08,0.00340480333488388,0.0196367137336496,0.00265372568044034,0.00460819205042957,2.09127275265511e-08,2.06645066636992e-08,0.767429588825492,0.0166335785136871,3.27793998337048e-08,0.0161656698441148,0.00651210704996332,0.0980043285961148,0.0393578254851164
"192",0.0865896762642548,7.50198423959868e-09,9.38546866432264e-08,0.000334372450731235,0.000244301714249469,0.383059974227179,7.48944654686749e-09,0.309380374703986,7.29699523299687e-07,0.214495004654956,0.00182425249263707,6.93571898347565e-09,6.93578419166843e-09,2.99488736110765e-05,2.89689105714058e-06,0.00401545222210647,6.93571898347565e-09,6.93571898347565e-09,1.65499921671401e-05,6.32922448292509e-06
"193",3.79689699095789e-07,4.76237411811232e-11,1.15607466928176e-06,6.46515850228147e-06,1.39681770527894e-08,0.00367537990206419,4.75545631462468e-11,6.62126969083134e-06,2.08662018167956e-08,4.87948710212886e-06,6.69553726770556e-10,4.44081329273363e-11,4.48945777415901e-11,4.44081329256012e-11,9.24008518609488e-09,6.37055196587638e-05,0.295269886435872,0.700971481390169,5.52579020959136e-11,4.44081329256012e-11
"194",1.58096547567984e-06,1.77761120645099e-08,0.00102153351665297,2.41307188448053e-06,0.0721474406284595,0.0240902878534401,1.77539770511852e-08,0.000138706653447461,0.13184365383225,0.000134544731149005,3.93262613713414e-08,1.67183205824714e-08,5.32385495529397e-08,0.485771419993013,0.212000536106331,1.73638886528756e-05,1.34662354903504e-05,0.000324602688381218,0.0490433088272762,0.023448996194875
"195",0.000131823710547078,1.36761620976904e-05,0.0247446205466347,0.000411665884451586,3.70151209828489e-05,0.563609650729485,1.36619691997102e-05,0.114453484379544,2.53752311415914e-05,0.0843040609056879,1.29728970989957e-05,1.29728970991627e-05,1.29728970989957e-05,0.000118922132239796,1.29728970989957e-05,1.29728970989957e-05,0.000953536055229779,0.0133774049096464,0.133790760692927,0.0639494770846903
"196",2.27449223491848e-08,9.33308510755039e-09,0.000287427188950874,6.17591473520724e-07,9.34308094772737e-09,0.313430446908368,9.32520716252042e-09,0.00618614768000916,0.00512036040209044,0.00445008681676049,2.6512265599152e-08,8.92912364242111e-09,0.670488060372984,1.45685245326853e-08,8.92912364242111e-09,5.37188022884339e-06,8.92912364242111e-09,8.92912364242111e-09,2.00463241409429e-05,1.13072914133465e-05
"197",1.44949513249012e-08,1.46551218583229e-08,1.84417012146979e-06,0.0859239046684075,1.27309797470692e-07,0.000296305600303014,1.46610306739873e-08,1.78398171505557e-05,3.07464944899513e-05,1.54440512844092e-05,1.0010421061823e-07,1.39966413392632e-08,8.19088758880657e-06,0.000140585626830001,3.93352166691129e-06,0.896587011442289,0.00669970353694554,4.20999408602432e-05,0.00661347472424908,0.00361863029605987
"198",6.16358522150602e-08,8.29237699894198e-08,4.21392032942251e-05,0.0220516270850792,5.76721249624613e-05,0.00311390437122056,3.1516388290156e-08,0.000740109369141336,0.00039116523693362,0.000481518051427526,1.48973957525147e-06,4.53906022657436e-08,7.53366424451099e-08,3.06859903495465e-08,3.06859903495465e-08,0.973119704597619,3.06859903495465e-08,2.19987539452809e-07,3.06859903495465e-08,3.06859903495465e-08
"199",1.88793476726548e-09,1.50969282672916e-09,3.48187357268325e-06,2.27957027937606e-07,1.11992159876455e-07,0.00087080012047182,9.12773357145164e-09,2.14622040700481e-07,2.23076078510116e-07,1.48268741774885e-07,5.32757921975687e-08,1.63481478353492e-05,3.93537810004518e-10,0.442584426821305,2.00769084186258e-05,3.70571215346792e-08,1.66643258633754e-05,0.0383818305909325,0.298580039754874,0.219525302288865
"200",1.31719883590452e-06,3.76542810063738e-06,9.92976043108562e-07,1.60032560864371e-06,0.000141588026258912,0.343871173593375,0.000434899651627934,5.93763437325525e-05,0.000696040818412289,4.31054566882425e-05,3.41924774819833e-05,0.000164150261528784,3.34964290059431e-08,0.196855596053827,0.00367475703303775,5.48349214422299e-07,0.00034055899854386,3.26307332433689e-05,0.299560748920324,0.154082923857687
